,Chain ID,resName1
0,A,ZN
1,A,ZN
2,A,ZN
3,A,CU
4,A,CU
5,A,CU
6,A,ZN
7,A,ZN
8,A,ZN
9,A,ZN
10,A,ZN
11,A,ZN
12,E,ZN
13,A,ZN
14,A,ZN
15,A,ZN
16,A,ZN
17,A,ZN
18,A,ZN
19,C,ZN
20,A,ZN
21,A,ZN
22,A,ZN
23,A,ZN
25,A,CU
26,A,ZN
27,A,ZN
28,A,ZN
29,A,ZN
30,A,ZN
31,B,ZN
32,A,ZN
33,A,ZN
34,A,ZN
35,A,ZN
36,B,ZN
37,A,ZN
38,A,ZN
39,A,ZN
40,A,ZN
41,A,CU
42,A,CU
43,A,ZN
44,A,FE
45,A,ZN
46,A,ZN
47,A,MG
48,B,ZN
49,A,ZN
50,A,ZN
51,A,FE
52,A,MN
53,A,MN
54,A,MN
55,A,MN
56,A,ZN
57,A,MG
58,A,MG
59,A,MG
60,A,MG
61,A,MG
62,A,MG
63,A,MG
64,A,MG
65,C,MG
66,A,ZN
67,A,ZN
68,A,ZN
69,A,CU
70,A,CU
71,A,CU
72,A,CU
73,A,ZN
74,A,MG
75,A,ZN
76,C,ZN
77,A,CU
78,A,FE2
79,A,ZN
80,A,ZN
81,A,ZN
82,A,ZN
83,A,MN
84,A,ZN
85,A,MN
86,A,MN
87,A,ZN
88,A,ZN
90,A,ZN
91,A,MG
92,A,MG
93,A,MG
94,A,MG
95,A,MN
96,A,MG
97,D,MG
98,B,MN
99,A,ZN
100,A,ZN
101,A,ZN
102,A,ZN
103,A,ZN
104,A,ZN
105,A,CU
106,A,CU
107,A,CU
108,A,ZN
109,A,MG
110,A,MG
111,A,NI
112,A,MN
113,A,ZN
114,A,ZN
115,A,MN
116,A,ZN
117,A,ZN
118,A,NI
119,A,NI
120,A,MG
121,A,MN
122,A,MG
123,A,MG
124,A,MG
125,A,MG
126,A,MG
127,A,FE
128,C,NI
129,A,MN
130,A,MN
131,A,MG
132,A,MG
133,A,MN
134,A,MN
135,A,MG
136,A,MN
137,A,MG
138,A,MN
139,A,MG
140,A,ZN
141,A,ZN
142,A,ZN
143,A,ZN
144,A,ZN
145,A,ZN
146,A,MG
147,A,MG
148,A,MG
149,A,ZN
150,B,MG
151,A,ZN
152,A,MG
153,A,CU
154,A,MG
155,A,MG
156,A,ZN
157,A,ZN
158,A,MG
159,A,ZN
160,A,ZN
161,A,MG
162,A,ZN
163,A,MG
164,A,MG
165,A,ZN
166,A,FE
167,C,FE
168,A,MG
169,A,CU
170,A,MN
171,A,MG
172,A,MG
173,A,CU
174,A,ZN
175,A,ZN
176,A,FE
177,A,MG
178,A,MG
179,A,MG
181,A,ZN
182,A,MG
183,A,MG
184,A,FE
185,A,MG
186,A,MG
187,A,ZN
188,A,MG
189,A,MG
190,B,ZN
192,A,ZN
193,A,MG
194,A,MG
195,A,ZN
196,A,ZN
197,A,MG
198,A,MG
199,A,ZN
200,A,MG
201,A,MN
202,A,ZN
203,A,ZN
204,A,MG
205,A,MG
206,A,MG
207,A,CU
208,A,CU
211,A,ZN
212,A,ZN
213,A,ZN
214,A,MG
218,A,ZN
219,A,ZN
220,A,ZN
221,A,ZN
222,A,ZN
224,A,MG
225,A,MG
226,A,ZN
227,A,ZN
228,A,ZN
229,C,CU1
230,A,FE
231,A,FE
233,A,ZN
234,A,MG
236,A,ZN
237,A,MG
238,A,ZN
239,A,ZN
240,A,ZN
241,A,ZN
242,A,MG
243,A,MN
244,A,ZN
245,A,FES
246,A,FES
251,A,ZN
252,A,ZN
254,A,ZN
257,A,ZN
258,A,ZN
260,A,ZN
261,A,ZN
263,A,ZN
264,A,ZN
265,A,ZN
266,A,ZN
267,A,ZN
271,A,ZN
273,A,ZN
274,A,MG
275,A,MG
276,A,NI
277,A,ZN
279,A,ZN
280,A,CU
281,A,FE2
282,A,ZN
283,A,MG
284,A,CO
285,B,ZN
286,B,ZN
287,B,ZN
288,A,ZN
289,A,ZN
290,A,ZN
291,B,MG
292,B,MG
293,B,ZN
296,A,MG
298,A,MG
299,A,ZN
302,A,MG
303,A,NI
304,A,ZN
305,B,MG
306,A,ZN
307,A,FE2
308,A,MN
309,A,MN
314,G,ZN
315,A,CO
318,A,ZN
319,B,ZN
322,A,ZN
323,A,MG
324,A,ZN
326,A,CU
327,2,ZN
328,A,MG
329,A,NI
330,A,CO
331,A,CO
332,B,MG
334,A,CO
335,A,ZN
336,A,ZN
337,A,ZN
339,A,ZN
340,A,ZN
341,A,ZN
342,A,ZN
344,A,ZN
345,A,ZN
346,A,ZN
347,A,ZN
348,A,ZN
349,A,ZN
350,A,ZN
351,A,ZN
352,A,ZN
353,A,ZN
354,A,ZN
355,A,ZN
356,A,ZN
357,A,ZN
358,A,ZN
359,A,ZN
360,A,MG
361,A,ZN
362,A,MG
363,A,MG
364,A,CU
365,A,ZN
366,A,ZN
368,A,ZN
369,A,MG
370,B,MG
371,A,ZN
372,A,ZN
373,A,CU1
374,A,CU
375,A,FE
376,A,ZN
377,A,FE
378,A,MG
379,A,MG
380,A,ZN
381,A,MG
384,A,ZN
385,A,ZN
392,A,ZN
393,B,ZN
394,B,MG
395,A,CU
396,A,CU
397,A,CU
398,A,ZN
399,A,ZN
401,A,ZN
402,A,ZN
403,A,ZN
404,A,NI
405,A,ZN
406,A,MG
407,B,ZN
408,A,ZN
411,A,ZN
412,A,ZN
413,A,ZN
414,A,ZN
415,A,MG
416,A,ZN
417,B,ZN
418,A,ZN
419,A,ZN
420,A,ZN
421,A,ZN
422,A,ZN
423,A,ZN
424,A,ZN
425,A,MG
426,B,MG
427,A,ZN
428,A,ZN
429,A,MG
430,Z,MG
431,A,MG
432,B,ZN
433,A,MG
440,A,ZN
441,A,ZN
444,A,ZN
446,A,ZN
447,A,ZN
449,A,ZN
450,B,MN
451,A,ZN
452,A,ZN
453,C,FE
454,A,ZN
455,A,ZN
456,A,ZN
457,A,ZN
458,A,ZN
459,A,ZN
460,A,ZN
463,A,ZN
467,A,CU1
468,A,NI
471,A,MG
472,A,MG
473,A,MN
474,A,ZN
475,A,MN
476,B,ZN
477,B,ZN
478,A,ZN
479,A,ZN
480,G,ZN
481,A,ZN
482,A,ZN
483,A,ZN
484,A,ZN
487,B,ZN
488,L,ZN
489,C,ZN
490,A,ZN
491,A,CU
492,A,CU1
493,A,ZN
494,D,ZN
495,A,MG
496,B,ZN
497,A,ZN
498,B,MG
499,A,NI
501,A,ZN
502,A,ZN
503,X,ZN
505,A,ZN
506,A,ZN
507,A,ZN
508,B,ZN
509,A,MG
510,B,MG
511,B,MG
512,A,ZN
513,A,ZN
514,A,ZN
515,A,ZN
517,A,ZN
519,A,ZN
521,B,ZN
523,A,MG
524,A,ZN
529,A,MN
531,A,ZN
532,A,ZN
533,C,ZN
534,C,ZN
535,A,ZN
536,B,ZN
537,A,ZN
538,A,MG
540,C,MG
541,A,ZN
542,A,ZN
545,A,MG
546,B,MN
547,B,MN
549,B,MG
550,B,MG
551,B,MN
552,R,MG
553,A,MG
554,A,MG
556,B,ZN
557,A,MG
558,A,MG
560,A,MG
561,A,CO
562,A,MN
563,A,MN
564,A,MN
565,A,ZN
566,A,ZN
567,A,ZN
568,A,ZN
569,A,MG
570,A,MG
571,A,MG
573,A,ZN
575,A,CO
576,A,MN
577,B,ZN
578,A,MG
579,A,ZN
580,A,FE
581,A,ZN
583,A,MOO
584,B,CO
585,A,MG
586,C,MG
588,A,MN
589,A,FE2
590,A,ZN
591,A,ZN
592,A,ZN
593,A,ZN
598,A,ZN
600,K,MG
601,J,MG
602,A,CU
604,A,NI
606,A,ZN
607,A,MN
609,A,MG
610,A,MG
612,A,MG
614,A,FE
615,A,FE
616,A,NI
622,C,ZN
625,A,MG
626,A,MN
627,A,ZN
629,A,ZN
630,B,FE
631,A,ZN
632,A,MG
635,A,ZN
636,A,MG
637,A,CU
638,A,FE
639,A,ZN
640,A,CU
641,A,ZN
642,A,CO
643,A,ZN
644,A,ZN
645,A,ZN
646,A,ZN
647,A,CO
648,A,CU
649,A,FE
650,A,FE
651,A,CU
652,A,MN
653,A,ZN
654,A,FE
655,A,ZN
656,A,ZN
657,A,ZN
658,A,ZN
659,A,ZN
660,A,ZN
661,A,ZN
662,F,MG
663,A,MG
664,A,MG
665,A,CU
666,A,ZN
667,A,ZN
668,A,CU
669,B,ZN
670,A,ZN
671,A,ZN
672,A,CU
673,A,CU
674,A,ZN
675,A,ZN
676,A,CU
677,A,ZN
678,A,MG
679,A,MG
680,D,MG
681,A,ZN
682,A,FE2
683,D,ZN
684,A,MG
685,A,MG
686,A,MG
687,A,ZN
688,C,MN
689,A,ZN
690,A,CU
691,A,FE
692,B,ZN
693,A,MG
694,A,ZN
695,A,ZN
696,A,ZN
697,A,ZN
698,G,MG
699,A,MG
700,A,MG
701,A,MG
702,A,ZN
703,A,ZN
704,A,MN
705,A,MG
706,A,MN
707,A,ZN
708,A,CO
709,A,ZN
710,A,FE
711,A,FE
712,A,ZN
713,C,MG
714,A,MN
715,A,MG
716,A,ZN
717,A,MG
718,A,MG
719,B,ZN
720,A,MG
721,A,CO
722,A,MG
723,A,MG
724,A,MG
725,A,FE
726,A,MG
727,B,MG
728,B,ZN
729,C,CU
730,A,ZN
731,D,FE
732,A,FE
733,B,MG
734,A,FE2
735,B,ZN
736,A,MG
737,A,ZN
738,X,ZN
739,E,MG
740,B,ZN
741,A,MG
742,A,MG
743,A,ZN
744,A,ZN
745,A,MN
746,A,CU
747,A,FE
748,A,FE
749,A,FE
750,A,MN
751,A,CU
752,B,ZN
753,A,CO
754,B,MG
755,D,MG
756,A,ZN
757,B,MN
758,A,ZN
759,A,MN
760,A,ZN
761,B,FE2
762,A,ZN
763,A,ZN
764,A,MG
765,B,MG
766,A,MG
767,A,ZN
768,A,MG
769,A,ZN
770,C,MG
771,A,FE
772,B,ZN
773,B,CU
774,A,ZN
775,A,ZN
776,A,MG
777,A,MG
778,A,FE2
779,D,MN
780,B,NI
781,D,ZN
782,B,ZN
783,A,MG
784,B,ZN
785,A,ZN
786,A,ZN
787,C,MN
788,A,ZN
789,A,ZN
790,A,ZN
791,P,ZN
792,A,MG
793,A,MG
794,B,ZN
795,A,ZN
796,A,ZN
797,A,MG
798,A,FE
799,A,MG
800,B,ZN
801,D,ZN
802,A,FE
803,A,MG
804,B,ZN
805,A,MN
806,A,FE
807,A,ZN
808,A,MN
809,A,MG
810,A,ZN
811,A,MG
812,B,FE2
813,A,ZN
814,B,ZN
815,A,MG
816,A,CU
817,A,MG
818,A,ZN
819,A,ZN
820,A,MN
821,A,MN
822,A,MG
823,A,ZN
824,A,MN
825,A,FE
826,B,ZN
827,A,CU
828,C,FE
829,N,ZN
830,A,MN
831,A,ZN
832,A,FE
833,A,ZN
834,A,CO
835,A,ZN
836,A,MG
838,A,ZN
839,A,ZN
840,A,CO
841,A,MN
842,A,MG
843,A,MN
844,G,ZN
845,B,ZN
846,A,MG
847,C,MG
848,A,MN
849,A,CU1
850,D,MG
851,A,MG
852,A,CO
853,B,FE
854,A,ZN
855,1,MN
856,D,MG
857,A,CU
858,A,CU
859,A,ZN
860,A,MG
861,A,ZN
862,A,MG
863,C,NI
864,D,ZN
865,A,ZN
866,A,FE2
867,A,ZN
868,A,CU
869,A,ZN
871,A,CU1
872,A,ZN
873,A,MG
874,A,CU
875,A,CU
876,A,MN
877,A,ZN
878,A,ZN
879,B,ZN
880,A,MG
881,A,MN
882,A,ZN
883,A,CU
884,A,MN
885,B,MG
886,A,ZN
887,E,ZN
888,B,MG
889,A,ZN
890,B,CU
891,A,CU
892,A,FE2
893,A,ZN
894,A,ZN
895,A,CU
896,A,NI
897,B,MG
898,B,CU
899,A,MG
900,A,FE
901,B,MN
902,A,FE2
903,A,ZN
904,C,MN
905,B,MG
906,A,MG
907,A,CU
908,A,CO
909,A,ZN
910,A,ZN
911,A,CU
912,A,ZN
913,A,ZN
914,A,CU
915,A,ZN
916,A,ZN
917,A,MG
918,A,MG
919,A,ZN
920,A,MG
921,A,ZN
922,A,ZN
923,A,CU
924,A,CU
925,A,CO
926,A,MG
927,A,ZN
928,A,ZN
929,A,ZN
930,A,CU
931,A,NI
932,C,CU
933,C,ZN
934,A,MN
935,A,MN
936,A,ZN
937,B,ZN
938,A,CO
939,A,MG
940,A,ZN
941,A,CO
942,A,ZN
943,A,ZN
944,A,ZN
945,A,ZN
946,A,ZN
947,A,FE
948,A,ZN
949,A,ZN
951,A,ZN
952,A,CU1
953,D,CU
954,D,CU
955,A,CU
956,A,CU
957,A,MG
958,A,ZN
960,A,MG
961,A,MG
962,A,MG
963,A,MN
964,A,ZN
965,B,MG
966,A,MG
967,A,MN
968,A,ZN
969,A,MG
970,A,MG
971,B,ZN
972,A,MG
973,A,ZN
974,B,ZN
975,A,ZN
976,A,ZN
977,A,MG
978,A,MN
979,A,MG
980,A,FE
981,A,CU
982,A,MG
983,A,ZN
984,A,ZN
985,A,MG
986,A,CO
987,A,ZN
988,B,MG
989,A,MG
990,B,FE
991,A,MG
992,A,MN
993,A,MG
994,A,ZN
995,A,ZN
996,A,MG
997,A,ZN
998,A,CU
999,A,ZN
1000,A,ZN
1001,A,MG
1002,A,MN
1003,A,FE
1004,A,MG
1005,A,MG
1006,A,CO
1007,A,MN
1008,A,MG
1009,A,ZN
1010,A,MG
1011,A,MN
1012,A,MG
1013,A,NI
1014,A,MN
1015,A,MN
1016,A,ZN
1017,A,MG
1018,A,MG
1019,A,CO
1020,A,MN
1021,D,CU
1022,A,MN
1023,A,ZN
1024,L,MOS
1025,A,ZN
1026,B,ZN
1027,A,ZN
1028,A,ZN
1029,A,ZN
1030,A,ZN
1031,C,FE
1032,B,ZN
1033,A,ZN
1034,A,MG
1035,A,ZN
1036,A,MN
1037,A,MG
1038,A,ZN
1039,A,MG
1040,A,MG
1041,B,FE
1042,A,MN
1043,K,FE
1044,A,ZN
1045,A,MG
1047,A,CU
1048,A,CU
1049,A,ZN
1050,A,MG
1051,A,MG
1052,A,CO
1053,A,MG
1054,A,MG
1055,A,ZN
1056,A,FE2
1057,A,FE
1058,A,MG
1059,A,ZN
1060,D,MG
1061,B,MG
1062,B,MG
1063,A,MG
1064,A,MG
1065,A,FE
1066,A,CU
1067,A,ZN
1068,A,ZN
1069,B,MG
1070,B,CO
1071,A,MG
1072,A,ZN
1073,A,ZN
1074,A,MG
1075,B,FE
1076,A,ZN
1077,A,MG
1078,A,CO
1079,A,MG
1080,D,CO
1081,A,MG
1082,A,MG
1083,B,FE2
1084,A,FE2
1085,A,MG
1086,A,NI
1087,A,ZN
1088,A,MG
1089,A,MG
1090,A,MG
1091,B,ZN
1092,A,NI
1093,B,ZN
1094,B,NI
1095,C,ZN
1096,A,MN
1097,A,MG
1098,A,ZN
1099,A,MN
1100,A,MG
1101,B,ZN
1102,A,ZN
1103,B,CO
1104,A,MG
1105,A,MG
1106,A,ZN
1107,A,ZN
1108,A,MG
1109,A,NI
1110,A,MG
1111,A,MG
1112,A,MG
1113,A,MG
1114,A,ZN
1115,A,MG
1116,A,MG
1117,A,FEO
1118,A,MG
1119,B,MG
1120,A,ZN
1121,A,ZN
1122,A,FE
1123,A,MG
1124,A,ZN
1125,A,ZN
1126,A,CU
1127,A,MG
1128,A,MG
1129,A,MG
1130,C,ZN
1131,A,ZN
1132,D,MG
1133,A,MG
1134,A,MN
1135,A,ZN
1136,A,MG
1137,A,ZN
1138,A,ZN
1139,A,MG
1140,A,MG
1141,A,MN
1142,A,MG
1143,A,ZN
1144,A,MG
1145,F,MN
1146,A,MG
1147,A,MG
1148,A,ZN
1149,A,MN
1150,A,MG
1151,A,ZN
1152,A,ZN
1153,A,MG
1154,A,MG
1155,A,FE
1156,A,ZN
1157,A,ZN
1158,A,MG
1159,A,MG
1160,B,MG
1161,A,MG
1162,A,ZN
1163,B,MN
1164,D,MG
1165,A,MG
1166,C,MG
1167,A,MG
1168,A,MG
1169,A,MG
1170,A,MG
1171,A,MG
1172,A,MG
1173,A,MG
1174,A,MG
1175,A,CO
1176,B,ZN
1177,B,ZN
1178,A,MG
1179,A,ZN
1180,A,ZN
1181,B,ZN
1182,B,NI
1183,A,MG
1184,A,MG
1185,A,ZN
1186,B,MG
1187,A,MG
1188,A,MN
1189,A,MG
1190,A,MG
1191,A,MG
1192,A,MN
1193,A,ZN
1194,B,MG
1195,B,MN
1196,A,ZN
1197,D,ZN
1198,A,ZN
1199,A,MG
1200,A,MG
1201,A,MG
1202,B,MG
1203,A,MG
1204,A,MG
1205,A,MG
1206,A,MG
1207,A,MG
1208,A,MN
1209,A,MG
1210,A,MG
1211,A,MG
1212,A,MG
1213,A,ZN
1214,F,ZN
1215,A,ZN
1216,A,NI
1217,A,ZN
1218,C,ZN
1219,A,MG
1220,B,FE
1221,D,ZN
1222,A,MG
1223,A,MOO
1224,A,MG
1225,A,MG
1226,A,ZN
1227,C,MG
1228,A,MG
1229,A,MG
1230,A,MG
1231,A,MN
1232,A,ZN
1233,A,MG
1234,A,ZN
1235,B,MG
1236,A,MG
1238,A,MG
1239,A,MG
1240,A,ZN
1241,F,MG
1242,A,MG
1243,C,ZN
1244,B,ZN
1245,A,MG
1246,A,MG
1247,A,MG
1248,B,FE2
1249,A,MG
1250,A,MN
1251,A,FE2
1252,A,MG
1253,A,MG
1254,A,MN
1255,A,ZN
1256,A,ZN
1257,A,ZN
1258,A,ZN
1259,A,FEO
1260,A,ZN
1261,A,MG
1262,C,MOS
1263,F,MG
1264,B,MG
1265,A,FE2
1266,A,MN
1267,B,MG
1268,E,MG
1269,A,MG
1270,B,MG
1271,A,ZN
1272,A,ZN
1273,A,ZN
1274,A,MG
1275,A,MN
1276,C,FE
1277,A,NI
1278,A,MG
1279,B,MG
1280,A,MG
1281,A,ZN
1282,A,MG
1283,A,MG
1284,A,MG
1285,A,CU
1286,A,MG
1287,B,ZN
1288,A,MG
1289,A,ZN
1290,A,FE2
1291,A,ZN
1292,A,MG
1293,A,MG
1294,A,MG
1295,A,ZN
1296,A,MN
1297,A,MN
1298,A,MG
1299,A,ZN
1300,A,MG
1301,A,MG
1302,B,MG
1303,A,MG
1304,A,MG
1305,A,ZN
1306,B,MN
1307,A,CO
1308,A,ZN
1309,A,MG
1310,A,FE
1311,B,MG
1312,A,ZN
1313,A,MG
1314,A,MG
1315,F,ZN
1316,A,MG
1317,A,ZN
1318,A,MG
1319,A,MG
1320,B,MG
1321,A,MG
1322,B,CU
1323,A,MG
1324,A,MG
1325,A,ZN
1326,A,ZN
1327,A,ZN
1328,U,ZN
1329,A,MN
1330,A,MG
1331,A,MG
1332,A,ZN
1333,A,ZN
1334,A,MG
1335,A,MG
1336,A,MG
1337,A,ZN
1338,B,MG
1339,A,MN
1340,A,MN
1341,A,MG
1342,A,MG
1343,A,MG
1344,A,MG
1345,A,MG
1346,A,MG
1347,A,MG
1348,B,MG
1349,A,MG
1350,A,MG
1351,A,CU
1352,A,MG
1353,A,MG
1354,A,MG
1355,A,MG
1356,A,ZN
1357,A,FE2
1359,A,MG
1360,B,MG
1361,A,MN
1362,A,MG
1363,B,MG
1364,A,MG
1365,B,MG
1366,A,ZN
1367,A,MG
1368,A,MG
1369,A,MG
1370,A,MN
1371,A,MG
1372,A,MN
1373,A,ZN
1374,A,MG
1376,A,MG
1377,A,MG
1378,C,MG
1379,A,MN
1380,A,ZN
1381,A,MG
1382,A,CO
1383,A,MG
1384,A,MN
1385,A,MG
1386,A,MG
1387,A,MG
1388,A,MG
1389,A,MG
1390,L,FE2
1391,A,FE
1392,A,MG
1393,A,MN
1394,B,ZN
1395,A,MG
1396,A,MG
1397,A,MG
1398,A,MN
1399,A,MG
1400,A,ZN
1401,A,MG
1402,B,MG
1403,A,MG
1404,A,MG
1405,A,MG
1406,A,ZN
1407,B,MG
1408,B,MG
1409,A,MG
1410,A,MG
1411,B,MG
1412,A,CO
1413,C,MG
1414,C,MG
1415,B,MG
1416,A,ZN
1417,A,MG
1418,A,MG
1419,A,MG
1420,A,MG
1421,B,MG
1422,D,CU
1423,A,MG
1424,A,MG
1425,A,MN
1426,A,ZN
1427,A,MG
1428,B,MOS
1429,A,MG
1430,B,MG
1431,B,MG
1432,B,MG
1433,A,MN
1434,A,MG
1435,A,MN
1436,A,MG
1437,A,MG
1438,A,MN
1439,A,MG
1440,A,MG
1441,A,MG
1442,A,MG
1443,A,MG
1444,A,MG
1445,A,MG
1447,A,MG
1448,A,MG
1449,A,MG
1450,D,MG
1451,G,MN
1452,G,MG
1453,A,FE2
1454,A,MN
1455,A,MN
1456,A,MN
1457,A,MN
1458,A,ZN
1459,A,MN
1460,A,MG
1461,A,MN
1463,A,CO
1464,A,ZN
1465,A,MG
1466,A,MN
1467,B,MG
1468,A,MG
1469,A,MG
1470,C,MG
1471,C,MG
1472,A,MN
1473,A,MN
1474,A,MG
1475,A,ZN
1476,A,MG
1477,A,CU1
1478,A,ZN
1479,B,MG
1480,A,ZN
1481,A,FE2
1482,A,MG
1483,A,MG
1484,B,ZN
1485,A,MG
1486,A,MG
1487,A,CU
1488,A,MG
1489,A,ZN
1490,A,NI
1491,A,MG
1492,A,CU1
1493,A,ZN
1494,A,ZN
1495,A,ZN
1496,Y,MG
1497,A,ZN
1498,A,FE
1499,A,ZN
1500,A,ZN
1501,A,ZN
1502,A,ZN
1503,A,ZN
1504,A,ZN
1505,A,ZN
1506,A,ZN
1507,A,ZN
1508,A,FE
1509,A,ZN
1510,A,ZN
1511,A,ZN
1512,A,MG
1513,A,ZN
1514,A,ZN
1515,A,MG
1516,A,MG
1517,A,MG
1518,A,ZN
1519,A,MG
1520,A,MG
1521,A,ZN
1522,A,ZN
1523,A,ZN
1524,A,ZN
1525,A,NI
1526,A,CU
1527,A,MG
1528,A,MG
1529,A,MG
1530,P,MG
1531,A,CU
1532,A,CO
1533,A,ZN
1534,A,ZN
1535,A,ZN
1536,A,ZN
1538,A,ZN
1539,A,ZN
1540,A,MG
1541,A,ZN
1542,A,ZN
1543,A,ZN
1544,A,ZN
1545,A,MG
1546,A,MG
1547,A,ZN
1548,B,MG
1549,X,ZN
1550,D,CU
1551,A,MG
1552,A,MG
1553,A,NI
1554,A,ZN
1555,A,MG
1556,A,MG
1557,B,NI
1558,A,ZN
1559,A,ZN
1560,A,ZN
1561,A,MG
1562,A,ZN
1563,A,CU
1564,B,MG
1565,A,ZN
1566,A,ZN
1567,A,ZN
1568,B,MG
1569,A,NI
1570,A,MG
1571,A,NI
1572,A,ZN
1573,A,FE
1574,A,ZN
1575,A,ZN
1576,A,ZN
1577,B,ZN
1578,A,ZN
1579,A,ZN
1580,A,ZN
1581,A,ZN
1582,A,ZN
1583,A,ZN
1584,A,CU
1585,A,MG
1586,A,CO
1587,A,CO
1588,A,MG
1589,A,ZN
1590,A,ZN
1591,A,MG
1592,A,ZN
1593,A,MG
1594,A,CU
1595,A,ZN
1596,A,CO
1597,A,MG
1598,A,CU
1599,L,ZN
1600,A,MG
1601,A,MG
1602,A,MG
1603,A,ZN
1604,A,ZN
1605,A,MG
1606,A,MG
1607,A,ZN
1608,A,ZN
1609,A,MG
1610,B,FE
1611,B,NI
1612,A,NI
1613,C,MG
1614,A,MG
1615,F,ZN
1616,A,ZN
1617,A,ZN
1618,A,ZN
1619,A,ZN
1620,A,ZN
1621,A,ZN
1622,A,MG
1623,A,MG
1624,A,MG
1625,A,FE
1626,A,ZN
1627,A,ZN
1628,A,ZN
1629,B,ZN
1630,A,MG
1631,A,ZN
1632,A,ZN
1633,A,CU
1634,A,ZN
1635,A,ZN
1636,A,ZN
1637,A,ZN
1638,A,MG
1639,A,MG
1640,A,ZN
1641,A,ZN
1642,A,ZN
1643,A,ZN
1644,A,MG
1645,A,ZN
1646,A,CU1
1647,A,CU
1648,A,NI
1649,A,CU
1650,A,MN
1651,A,ZN
1652,A,ZN
1653,A,MG
1654,A,CU
1655,A,CU
1656,A,CU
1657,B,NI
1658,A,MG
1659,A,MG
1660,X,FE
1661,A,MG
1662,A,MN
1663,B,MG
1664,B,MG
1665,B,MG
1666,B,MG
1667,A,ZN
1668,A,ZN
1669,A,NI
1670,A,MG
1671,A,ZN
1672,A,ZN
1673,A,ZN
1674,A,ZN
1675,A,CU
1676,A,MG
1677,A,MG
1678,A,ZN
1679,A,MG
1680,A,MG
1681,A,CU
1683,A,ZN
1684,A,MG
1685,A,ZN
1686,A,ZN
1687,A,NI
1690,A,ZN
1691,A,ZN
1692,A,MG
1693,A,ZN
1694,A,FE2
1695,A,FE2
1696,A,MG
1697,A,MG
1698,A,MG
1699,A,MG
1700,A,ZN
1701,A,CU
1702,A,ZN
1703,A,ZN
1704,A,ZN
1705,A,ZN
1706,A,ZN
1707,A,MG
1708,A,ZN
1709,A,ZN
1710,A,NI
1711,A,ZN
1712,A,ZN
1713,A,MG
1714,A,ZN
1715,A,ZN
1716,A,ZN
1717,A,MG
1718,A,ZN
1719,A,ZN
1720,A,ZN
1721,A,NI
1722,B,ZN
1723,A,MN
1724,B,MG
1725,A,MG
1726,A,NI
1727,A,ZN
1728,A,MG
1729,A,MN
1730,A,MG
1731,A,ZN
1732,A,MG
1733,A,ZN
1734,B,ZN
1735,A,ZN
1736,A,MG
1737,A,ZN
1738,A,MG
1739,A,MG
1740,A,MG
1741,A,MG
1742,A,ZN
1743,A,ZN
1744,A,MN
1745,A,ZN
1746,A,ZN
1747,A,ZN
1748,A,ZN
1749,A,ZN
1750,A,ZN
1751,B,MG
1752,A,MG
1753,X,CU
1754,A,NI
1755,A,ZN
1757,A,ZN
1758,A,NI
1759,A,ZN
1760,A,ZN
1761,A,ZN
1762,A,MG
1763,C,ZN
1764,B,MG
1765,A,ZN
1766,A,ZN
1767,A,MG
1768,A,ZN
1769,A,ZN
1770,A,NI
1771,A,ZN
1772,A,NI
1773,A,ZN
1774,A,MG
1775,A,ZN
1777,A,ZN
1778,A,ZN
1779,A,ZN
1780,A,MG
1781,A,ZN
1782,A,ZN
1783,A,ZN
1784,A,ZN
1785,A,ZN
1786,A,ZN
1787,A,ZN
1788,B,ZN
1789,A,MN
1790,A,ZN
1791,A,ZN
1792,A,ZN
1793,A,MG
1794,A,MG
1795,A,MG
1796,A,NI
1797,A,ZN
1798,A,ZN
1799,A,MG
1800,A,MG
1802,B,ZN
1803,B,ZN
1804,A,ZN
1805,A,ZN
1806,A,ZN
1807,A,ZN
1808,A,MG
1809,B,MG
1810,A,ZN
1811,A,ZN
1812,A,ZN
1813,A,ZN
1814,B,CU
1815,A,ZN
1816,A,ZN
1817,A,MG
1818,A,ZN
1819,E,ZN
1820,B,MG
1821,A,ZN
1822,A,ZN
1823,A,ZN
1824,A,ZN
1825,A,CU
1826,A,ZN
1827,A,ZN
1828,A,MG
1829,A,ZN
1830,A,ZN
1831,A,ZN
1832,A,ZN
1833,A,ZN
1834,A,ZN
1835,A,ZN
1836,A,MG
1837,A,MG
1838,A,CO
1839,A,ZN
1840,A,ZN
1841,A,MG
1842,A,MG
1843,B,ZN
1844,C,ZN
1845,B,MG
1846,A,MG
1847,A,ZN
1848,A,ZN
1849,A,MG
1850,A,ZN
1851,A,MN
1852,E,ZN
1853,A,MG
1854,A,CO
1855,A,CO
1856,A,NI
1857,B,ZN
1859,B,NI
1860,C,ZN
1861,C,MG
1862,A,ZN
1863,A,ZN
1864,A,ZN
1865,B,MN
1866,A,MG
1867,A,NI
1868,A,ZN
1869,B,ZN
1873,A,ZN
1874,L,ZN
1875,A,CU
1876,A,ZN
1877,A,ZN
1878,B,ZN
1879,A,ZN
1880,A,MN
1881,B,MG
1882,A,ZN
1883,A,CU
1884,A,ZN
1885,A,ZN
1887,A,ZN
1888,H,ZN
1889,H,ZN
1890,B,ZN
1891,A,MG
1892,C,MG
1893,A,ZN
1894,A,MG
1895,A,MG
1897,A,FE
1899,A,MG
1900,A,MG
1901,A,MG
1902,A,ZN
1903,A,ZN
1904,M,ZN
1905,M,ZN
1906,A,FE
1908,1,MG
1909,A,ZN
1910,A,MG
1911,A,MG
1912,A,ZN
1913,A,MN
1914,A,ZN
1915,A,ZN
1916,A,NI
1917,A,NI
1918,A,MG
1919,B,MG
1920,A,ZN
1921,A,FE
1922,A,MG
1923,A,ZN
1924,A,ZN
1925,A,ZN
1926,A,ZN
1927,D,ZN
1928,A,FE
1930,B,ZN
1931,A,ZN
1932,A,ZN
1933,A,ZN
1934,A,ZN
1935,A,CU
1936,A,NI
1937,C,ZN
1938,A,CO
1939,A,ZN
1940,A,ZN
1941,A,MG
1942,A,ZN
1943,C,MG
1944,A,ZN
1945,B,ZN
1946,B,ZN
1947,A,ZN
1948,A,ZN
1949,A,ZN
1950,A,NI
1951,A,NI
1952,A,ZN
1954,A,MG
1955,A,MG
1956,B,NI
1957,A,ZN
1958,A,ZN
1959,A,ZN
1960,A,ZN
1961,A,ZN
1962,A,ZN
1963,B,MN
1964,A,ZN
1965,A,MG
1966,A,NI
1967,A,NI
1968,A,MG
1969,A,CU1
1970,A,MG
1971,A,ZN
1972,A,MG
1973,A,ZN
1974,A,ZN
1975,A,ZN
1976,A,ZN
1977,A,ZN
1978,A,MG
1979,A,ZN
1980,B,NI
1981,C,FE
1982,B,NI
1983,B,NI
1984,M,FE
1985,A,MG
1986,A,CO
1987,A,NI
1988,A,NI
1989,A,ZN
1990,A,NI
1991,A,ZN
1992,D,MG
1993,A,ZN
1994,A,MG
1995,A,ZN
1996,A,MN
1997,A,ZN
1998,X,ZN
1999,X,ZN
2000,A,MG
2001,A,MG
2002,A,MG
2003,A,MG
2004,A,MN
2005,A,MN
2006,B,MG
2007,A,NI
2008,A,NI
2009,A,NI
2010,A,MG
2011,C,MG
2012,A,FE
2013,B,MG
2014,A,MG
2015,A,ZN
2016,A,ZN
2017,A,ZN
2018,A,CO
2019,A,CO
2020,A,ZN
2021,A,ZN
2022,B,MG
2023,A,ZN
2024,A,ZN
2025,A,ZN
2026,A,ZN
2027,A,ZN
2028,D,ZN
2029,A,NI
2030,C,NI
2031,A,ZN
2032,A,ZN
2033,A,ZN
2035,A,ZN
2036,A,ZN
2037,B,MG
2038,A,ZN
2039,A,ZN
2040,A,ZN
2041,A,ZN
2042,A,ZN
2043,A,MG
2044,B,ZN
2045,A,MG
2046,A,ZN
2047,A,MG
2048,A,ZN
2049,A,MN
2050,A,ZN
2051,A,ZN
2052,A,MG
2053,A,MG
2054,A,MG
2055,A,ZN
2056,A,ZN
2057,A,NI
2058,A,NI
2059,A,ZN
2060,A,ZN
2061,A,ZN
2062,A,ZN
2063,A,ZN
2064,A,ZN
2065,A,ZN
2066,A,MG
2067,A,ZN
2068,A,ZN
2069,A,ZN
2070,B,ZN
2071,A,ZN
2073,A,ZN
2074,A,ZN
2075,A,ZN
2076,A,ZN
2077,A,ZN
2078,A,ZN
2079,B,MG
2080,A,ZN
2081,A,MG
2082,A,ZN
2083,A,ZN
2084,A,ZN
2085,A,ZN
2086,A,MN
2087,A,MG
2088,A,MN
2089,C,MG
2090,A,MG
2091,A,ZN
2092,A,ZN
2093,A,MG
2094,A,MN
2095,A,ZN
2096,A,MG
2097,A,ZN
2098,A,ZN
2099,A,ZN
2100,B,ZN
2101,B,ZN
2102,B,ZN
2103,B,ZN
2104,B,MG
2105,A,NI
2106,A,ZN
2107,A,ZN
2108,A,ZN
2109,A,ZN
2110,A,MG
2111,A,ZN
2112,A,ZN
2113,A,MG
2114,A,ZN
2115,A,ZN
2116,A,ZN
2117,A,ZN
2118,B,ZN
2119,A,CO
2120,A,ZN
2121,A,MG
2122,B,NI
2123,A,ZN
2124,A,ZN
2125,A,NI
2126,B,MG
2127,B,MN
2131,A,ZN
2132,C,MG
2133,A,ZN
2134,A,ZN
2135,A,ZN
2136,A,MG
2137,A,MG
2138,A,MG
2139,A,ZN
2140,A,ZN
2141,A,ZN
2142,A,ZN
2143,A,ZN
2144,A,ZN
2145,A,ZN
2146,B,NI
2147,A,ZN
2148,A,ZN
2149,A,ZN
2150,A,ZN
2152,A,FE
2153,A,ZN
2154,A,ZN
2155,A,ZN
2156,A,NI
2157,A,MG
2158,A,ZN
2159,A,ZN
2160,B,MG
2161,B,MG
2162,A,ZN
2163,B,ZN
2164,B,ZN
2165,A,MG
2166,A,ZN
2167,A,CU
2168,A,ZN
2169,A,ZN
2170,A,CU
2171,A,ZN
2172,C,FE
2173,A,MN
2174,A,ZN
2175,A,ZN
2176,A,ZN
2177,B,ZN
2178,A,MN
2179,A,NI
2180,A,NI
2182,A,ZN
2183,A,ZN
2184,A,ZN
2185,B,ZN
2186,B,ZN
2187,A,ZN
2188,B,ZN
2189,A,ZN
2190,A,ZN
2191,A,ZN
2192,A,FE
2193,A,ZN
2194,A,ZN
2195,A,CU
2196,A,CU1
2197,C,MG
2198,C,MG
2199,A,ZN
2200,A,MG
2201,A,MN
2202,A,ZN
2203,A,ZN
2204,E,ZN
2205,A,ZN
2206,A,NI
2207,A,ZN
2208,B,MN
2209,A,ZN
2210,A,FE
2211,A,MG
2212,A,MG
2213,E,ZN
2214,E,ZN
2215,A,CO
2216,A,CO
2217,A,CO
2218,A,ZN
2219,A,ZN
2220,A,ZN
2221,A,ZN
2222,A,MG
2223,A,ZN
2224,A,ZN
2225,A,ZN
2226,A,ZN
2227,A,ZN
2228,A,ZN
2229,A,ZN
2230,A,ZN
2231,B,ZN
2232,A,MG
2233,A,ZN
2234,A,MN
2235,D,MG
2236,A,MG
2237,A,ZN
2238,A,ZN
2239,A,ZN
2240,A,MG
2241,A,NI
2242,A,ZN
2243,D,ZN
2244,A,MG
2245,A,NI
2246,A,ZN
2247,B,ZN
2248,C,MN
2249,B,CO
2250,A,MG
2251,A,ZN
2252,A,NI
2253,B,ZN
2254,B,ZN
2255,B,ZN
2256,A,ZN
2257,A,ZN
2258,A,ZN
2259,A,ZN
2260,A,ZN
2261,A,ZN
2262,A,ZN
2263,A,ZN
2264,A,ZN
2265,A,ZN
2266,A,ZN
2267,A,ZN
2268,B,MG
2269,B,NI
2270,B,MG
2271,A,ZN
2272,B,ZN
2273,B,MN
2274,A,ZN
2275,C,MG
2276,A,ZN
2277,A,ZN
2278,A,MG
2279,A,CO
2280,A,ZN
2281,P,ZN
2282,A,ZN
2283,A,ZN
2284,A,ZN
2285,A,MG
2286,I,ZN
2287,A,CO
2288,A,ZN
2289,A,ZN
2290,A,ZN
2291,C,MG
2292,A,ZN
2293,A,CU
2294,B,ZN
2295,E,ZN
2296,A,ZN
2297,A,ZN
2298,A,ZN
2299,A,MG
2300,A,MG
2301,A,ZN
2302,A,ZN
2303,A,ZN
2304,A,MG
2305,A,CO
2306,B,ZN
2307,A,ZN
2308,A,ZN
2309,A,NI
2310,A,NI
2311,A,ZN
2312,B,ZN
2313,A,CU
2314,A,ZN
2316,A,ZN
2317,A,MG
2318,B,ZN
2319,A,ZN
2320,A,MG
2321,B,MG
2322,A,ZN
2323,C,ZN
2324,B,ZN
2325,A,MG
2326,A,MG
2327,C,ZN
2328,B,ZN
2329,E,ZN
2330,A,ZN
2331,B,ZN
2332,A,MN
2333,A,NI
2334,A,ZN
2335,A,ZN
2336,A,ZN
2337,A,ZN
2338,A,ZN
2339,A,ZN
2341,A,NI
2342,A,NI
2343,B,MN
2344,A,ZN
2345,A,MG
2346,A,MG
2347,B,ZN
2348,A,ZN
2349,A,ZN
2350,A,ZN
2351,A,ZN
2352,A,ZN
2353,B,ZN
2354,B,ZN
2355,A,ZN
2356,A,ZN
2358,A,ZN
2359,A,ZN
2360,A,ZN
2361,A,ZN
2362,A,ZN
2363,A,ZN
2364,A,ZN
2365,A,ZN
2366,A,ZN
2367,C,ZN
2368,A,ZN
2369,A,MG
2370,A,ZN
2371,A,ZN
2372,A,ZN
2373,A,ZN
2374,A,ZN
2375,A,ZN
2376,A,CU
2377,A,FE2
2378,A,ZN
2379,A,MN
2380,A,MG
2381,A,CU
2382,A,ZN
2383,A,ZN
2384,A,ZN
2385,A,ZN
2386,A,ZN
2387,A,ZN
2388,A,ZN
2389,A,MG
2390,A,ZN
2391,B,MG
2392,A,ZN
2393,A,ZN
2395,A,ZN
2396,A,MG
2397,A,ZN
2398,A,CO
2399,A,MG
2400,B,ZN
2401,B,MN
2402,F,MG
2403,B,ZN
2404,A,ZN
2405,A,ZN
2407,A,MG
2409,A,ZN
2410,A,ZN
2411,A,MG
2412,A,ZN
2413,A,ZN
2414,B,MG
2415,A,ZN
2416,A,ZN
2417,D,MG
2418,D,ZN
2419,A,ZN
2420,B,ZN
2421,A,MG
2422,A,MG
2423,A,ZN
2425,A,ZN
2426,B,ZN
2427,A,ZN
2428,A,ZN
2429,A,MN
2431,A,ZN
2432,A,ZN
2433,A,ZN
2434,A,CO
2435,A,ZN
2436,A,ZN
2437,A,ZN
2438,A,ZN
2439,A,ZN
2440,B,ZN
2441,A,ZN
2442,A,NI
2443,A,NI
2444,A,NI
2445,A,MG
2446,B,ZN
2447,B,ZN
2448,C,NI
2449,A,ZN
2450,A,NI
2451,A,MG
2452,A,ZN
2453,A,ZN
2454,A,ZN
2455,A,ZN
2456,B,MN
2457,A,ZN
2458,A,ZN
2459,B,ZN
2460,B,ZN
2461,B,ZN
2462,B,ZN
2463,B,ZN
2464,A,MG
2465,D,MG
2466,A,ZN
2467,B,NI
2468,A,ZN
2471,A,ZN
2472,D,ZN
2473,A,ZN
2474,M,MG
2475,T,ZN
2476,T,ZN
2477,T,ZN
2478,T,ZN
2479,A,NI
2480,H,ZN
2481,H,ZN
2482,A,ZN
2483,A,CU
2484,A,ZN
2486,1,ZN
2487,A,CO
2488,A,MG
2489,A,MG
2490,A,NI
2491,A,NI
2492,A,ZN
2493,A,ZN
2494,A,MN
2495,A,ZN
2496,A,ZN
2497,A,ZN
2498,A,ZN
2499,C,MN
2500,C,MG
2501,B,ZN
2502,B,ZN
2503,A,ZN
2504,A,NI
2506,A,ZN
2507,A,ZN
2508,A,ZN
2509,C,ZN
2510,A,CO
2511,B,MG
2512,A,ZN
2513,B,ZN
2514,C,NI
2515,A,MG
2516,A,MN
2517,G,MG
2518,A,ZN
2519,B,ZN
2520,0,FE
2521,A,ZN
2522,A,MG
2523,C,ZN
2524,C,ZN
2525,A,MG
2526,D,ZN
2527,A,ZN
2528,C,ZN
2529,A,ZN
2530,A,MG
2531,B,CU
2532,B,ZN
2533,A,ZN
2534,C,MG
2535,A,FE
2536,A,ZN
2537,A,ZN
2538,A,ZN
2541,A,NI
2542,C,ZN
2543,B,NI
2544,A,MG
2545,A,MG
2546,B,ZN
2548,A,MG
2549,A,ZN
2550,A,ZN
2551,C,ZN
2552,C,ZN
2553,C,ZN
2554,A,ZN
2555,A,ZN
2556,A,ZN
2557,A,ZN
2558,A,ZN
2559,A,ZN
2560,A,ZN
2562,A,MG
2563,A,ZN
2564,A,ZN
2565,C,ZN
2566,A,FE
2567,A,MG
2568,A,ZN
2569,A,MG
2570,D,CU
2571,D,CU
2572,D,CU
2573,A,MG
2574,B,ZN
2575,B,ZN
2576,C,ZN
2577,A,MG
2578,A,ZN
2579,X,ZN
2580,F,ZN
2581,C,ZN
2582,C,ZN
2583,R,CO
2584,A,ZN
2586,A,ZN
2587,A,ZN
2588,A,ZN
2589,A,MN
2590,A,MN
2591,D,NI
2592,A,ZN
2593,A,ZN
2594,A,ZN
2595,A,MG
2596,A,ZN
2597,A,ZN
2599,A,ZN
2600,D,ZN
2601,D,ZN
2602,A,MG
2603,A,MG
2604,D,ZN
2605,C,MG
2606,A,MG
2607,A,ZN
2608,A,ZN
2611,A,ZN
2612,M,ZN
2613,A,ZN
2614,A,ZN
2615,A,ZN
2616,A,ZN
2617,A,ZN
2618,A,CU
2619,A,CU
2620,O,ZN
2621,C,ZN
2622,A,ZN
2623,A,ZN
2624,A,MN
2625,A,ZN
2626,E,MG
2627,C,ZN
2628,C,ZN
2629,B,ZN
2630,A,ZN
2631,A,MN
2632,A,ZN
2633,C,CU
2634,A,ZN
2635,D,ZN
2636,C,MG
2637,A,CO
2638,A,MN
2639,A,ZN
2640,A,ZN
2641,A,ZN
2642,F,ZN
2643,A,MN
2644,x,ZN
2645,A,ZN
2646,A,ZN
2647,B,ZN
2648,A,MG
2649,A,ZN
2650,B,ZN
2651,A,ZN
2652,A,ZN
2653,A,ZN
2654,A,ZN
2655,A,ZN
2657,A,ZN
2658,A,ZN
2659,A,ZN
2660,A,CU
2661,A,ZN
2662,A,ZN
2663,A,ZN
2664,A,ZN
2665,A,ZN
2666,A,ZN
2667,A,ZN
2668,A,ZN
2669,A,ZN
2670,A,ZN
2671,A,ZN
2672,A,ZN
2673,A,ZN
2674,A,ZN
2675,A,ZN
2676,A,ZN
2677,A,ZN
2678,A,ZN
2679,A,ZN
2680,A,ZN
2681,A,ZN
2682,A,ZN
2683,A,ZN
2684,B,ZN
2685,B,ZN
2686,A,ZN
2687,A,ZN
2688,A,ZN
2689,A,ZN
2690,A,ZN
2691,A,ZN
2692,A,ZN
2693,A,ZN
2694,A,ZN
2695,A,ZN
2696,A,ZN
2697,A,ZN
2698,A,ZN
2699,A,ZN
2700,B,ZN
2701,B,ZN
2702,A,ZN
2703,A,ZN
2704,A,ZN
2705,A,ZN
2706,A,ZN
2707,A,ZN
2708,A,ZN
2709,A,ZN
2710,A,ZN
2711,A,ZN
2712,A,ZN
2713,A,ZN
2714,A,ZN
2715,A,ZN
2716,A,ZN
2717,A,ZN
2719,A,ZN
2720,A,ZN
2721,A,ZN
2722,A,ZN
2723,A,ZN
2725,A,ZN
2726,A,ZN
2727,A,ZN
2728,A,ZN
2729,A,ZN
2730,A,ZN
2731,A,ZN
2732,A,ZN
2733,A,ZN
2734,A,ZN
2735,A,ZN
2736,A,ZN
2737,A,ZN
2738,A,ZN
2739,A,ZN
2740,A,ZN
2741,A,ZN
2742,A,ZN
2743,A,ZN
2744,A,ZN
2745,A,ZN
2746,A,ZN
2747,A,ZN
2748,A,ZN
2749,A,ZN
2753,A,ZN
2754,A,ZN
2755,A,ZN
2756,A,ZN
2757,A,ZN
2758,A,ZN
2759,A,ZN
2760,A,ZN
2761,A,ZN
2762,A,ZN
2763,A,ZN
2764,A,ZN
2765,A,ZN
2766,A,ZN
2767,A,ZN
2768,A,ZN
2770,A,ZN
2771,A,ZN
2772,A,ZN
2773,A,ZN
2774,A,ZN
2775,A,ZN
2776,A,ZN
2777,A,ZN
2778,A,ZN
2779,A,ZN
2780,A,ZN
2781,A,ZN
2782,A,ZN
2783,A,ZN
2784,A,ZN
2785,A,ZN
2786,A,ZN
2787,A,ZN
2788,A,ZN
2789,A,ZN
2790,A,ZN
2791,A,ZN
2792,A,ZN
2793,A,ZN
2794,A,ZN
2795,A,ZN
2796,A,ZN
2797,A,ZN
2798,A,ZN
2799,A,ZN
2800,A,ZN
2801,A,ZN
2802,A,ZN
2803,A,ZN
2804,A,ZN
2805,A,ZN
2806,A,ZN
2807,A,ZN
2808,A,ZN
2809,A,ZN
2810,A,ZN
2811,A,ZN
2812,A,ZN
2813,A,ZN
2814,A,ZN
2815,A,ZN
2817,A,ZN
2818,A,ZN
2819,A,ZN
2820,A,ZN
2821,A,ZN
2822,A,ZN
2823,A,ZN
2824,A,ZN
2825,A,ZN
2826,A,ZN
2827,A,ZN
2828,A,ZN
2829,A,ZN
2830,A,ZN
2831,A,ZN
2832,A,ZN
2833,A,ZN
2834,A,ZN
2835,A,ZN
2836,A,ZN
2837,A,ZN
2838,A,ZN
2839,A,ZN
2840,A,ZN
2841,A,ZN
2842,A,ZN
2843,A,ZN
2844,A,ZN
2845,A,ZN
2846,A,ZN
2847,A,ZN
2848,A,ZN
2849,A,ZN
2850,A,ZN
2851,A,ZN
2852,A,ZN
2853,A,ZN
2854,A,ZN
2855,A,ZN
2856,A,ZN
2857,A,ZN
2858,A,ZN
2859,A,ZN
2860,A,ZN
2861,A,ZN
2862,A,ZN
2863,A,ZN
2864,A,ZN
2865,A,ZN
2866,A,ZN
2867,A,ZN
2868,A,ZN
2869,A,ZN
2870,A,ZN
2871,A,ZN
2872,A,ZN
2873,A,ZN
2874,A,ZN
2875,A,ZN
2876,A,ZN
2877,A,ZN
2878,A,ZN
2879,A,ZN
2880,A,ZN
2881,A,ZN
2882,A,ZN
2883,A,ZN
2884,A,ZN
2885,A,ZN
2886,A,ZN
2887,A,ZN
2888,A,ZN
2889,A,ZN
2890,A,ZN
2891,A,ZN
2892,A,ZN
2893,A,ZN
2894,A,ZN
2895,A,ZN
2896,A,ZN
2897,A,ZN
2898,A,ZN
2899,A,ZN
2900,A,ZN
2901,A,ZN
2902,A,ZN
2903,A,ZN
2904,A,ZN
2905,A,ZN
2906,A,ZN
2907,A,ZN
2908,A,ZN
2909,A,ZN
2910,A,ZN
2913,A,ZN
2914,A,ZN
2915,A,ZN
2916,A,ZN
2917,A,ZN
2918,A,ZN
2919,A,ZN
2920,A,ZN
2921,A,ZN
2922,A,ZN
2923,A,ZN
2924,A,ZN
2925,A,ZN
2926,A,ZN
2927,A,ZN
2928,A,ZN
2929,A,ZN
2930,A,ZN
2931,A,ZN
2932,A,ZN
2933,A,ZN
2934,A,ZN
2935,A,ZN
2936,A,ZN
2937,A,ZN
2938,A,ZN
2939,A,ZN
2940,A,ZN
2941,A,ZN
2942,A,ZN
2943,A,ZN
2944,A,ZN
2945,A,ZN
2946,A,ZN
2947,A,ZN
2948,A,ZN
2949,A,ZN
2950,A,ZN
2951,A,ZN
2952,A,ZN
2953,A,ZN
2954,A,ZN
2955,A,ZN
2956,A,ZN
2957,A,ZN
2958,A,ZN
2959,A,ZN
2960,A,ZN
2961,A,ZN
2962,A,ZN
2963,A,ZN
2964,A,ZN
2965,A,ZN
2966,A,ZN
2967,A,ZN
2968,A,ZN
2969,A,ZN
2970,A,ZN
2971,A,ZN
2972,A,ZN
2973,A,ZN
2974,A,ZN
2975,A,ZN
2976,A,ZN
2978,A,ZN
2979,A,ZN
2980,A,ZN
2981,A,ZN
2982,A,ZN
2983,A,ZN
2984,A,ZN
2985,A,ZN
2986,A,MG
2987,A,ZN
2988,A,ZN
2989,A,ZN
2990,B,ZN
2991,B,ZN
2992,A,ZN
2993,A,ZN
2994,A,ZN
2995,A,ZN
2996,A,ZN
2997,A,ZN
2998,A,ZN
2999,A,ZN
3000,A,ZN
3001,A,ZN
3002,A,ZN
3003,A,ZN
3004,A,ZN
3005,A,ZN
3006,A,ZN
3007,A,ZN
3008,A,ZN
3009,A,ZN
3010,A,ZN
3011,A,ZN
3012,A,ZN
3013,A,ZN
3014,A,ZN
3015,A,ZN
3016,C,ZN
3017,C,ZN
3018,A,ZN
3019,A,ZN
3020,A,ZN
3021,A,ZN
3022,A,ZN
3023,A,ZN
3024,A,ZN
3025,A,ZN
3026,A,ZN
3027,A,ZN
3028,A,ZN
3029,A,ZN
3030,A,ZN
3031,A,ZN
3032,A,ZN
3033,A,ZN
3034,A,ZN
3035,A,ZN
3036,A,ZN
3037,A,ZN
3038,A,ZN
3039,A,ZN
3040,A,ZN
3041,A,ZN
3042,A,ZN
3043,A,ZN
3044,A,ZN
3045,A,ZN
3046,A,ZN
3047,A,ZN
3048,A,ZN
3049,A,ZN
3050,A,ZN
3051,A,ZN
3052,A,CU1
3053,A,ZN
3054,A,ZN
3055,A,ZN
3056,A,ZN
3057,A,ZN
3058,A,ZN
3059,A,ZN
3060,A,ZN
3061,A,ZN
3062,A,ZN
3063,A,ZN
3064,A,ZN
3065,A,ZN
3066,A,ZN
3067,A,ZN
3068,A,ZN
3069,A,ZN
3070,A,ZN
3071,A,ZN
3072,A,ZN
3073,A,ZN
3074,A,ZN
3075,A,ZN
3076,A,ZN
3077,A,ZN
3078,A,ZN
3079,A,ZN
3080,A,ZN
3081,A,ZN
3082,A,ZN
3083,A,ZN
3084,A,ZN
3085,A,ZN
3086,A,ZN
3087,A,ZN
3088,A,ZN
3089,A,ZN
3090,A,ZN
3091,A,ZN
3092,A,ZN
3093,A,ZN
3094,A,ZN
3095,A,ZN
3096,A,ZN
3097,A,ZN
3098,A,ZN
3099,A,ZN
3100,A,ZN
3101,A,ZN
3102,A,ZN
3103,A,ZN
3104,B,ZN
3105,B,ZN
3106,B,ZN
3107,A,ZN
3108,A,ZN
3109,A,ZN
3110,A,MG
3111,A,MG
3112,A,ZN
3113,A,CU1
3114,A,ZN
3115,A,ZN
3116,A,ZN
3117,A,ZN
3118,A,ZN
3119,A,ZN
3120,A,ZN
3121,A,ZN
3122,A,ZN
3123,A,ZN
3124,A,ZN
3125,A,ZN
3126,A,ZN
3127,A,ZN
3128,A,ZN
3129,A,ZN
3130,A,ZN
3131,A,ZN
3132,A,ZN
3133,C,ZN
3134,C,ZN
3135,A,ZN
3136,A,ZN
3137,A,ZN
3138,A,ZN
3139,A,ZN
3140,A,CU
3141,A,ZN
3142,A,ZN
3143,A,ZN
3144,B,ZN
3145,B,ZN
3146,B,ZN
3147,A,ZN
3148,A,MG
3149,A,MG
3150,A,ZN
3151,B,CU
3152,A,FES
3153,A,CU1
3154,A,ZN
3155,A,ZN
3156,A,CU1
3157,B,ZN
3158,A,ZN
3159,A,ZN
3160,A,ZN
3161,A,ZN
3162,A,CU1
3163,A,ZN
3164,B,ZN
3165,A,ZN
3166,A,ZN
3167,A,ZN
3168,A,ZN
3169,A,ZN
3170,A,MG
3171,X,ZN
3172,A,CO
3174,A,ZN
3175,A,ZN
3176,A,ZN
3177,A,CU
3178,A,ZN
3179,A,ZN
3180,A,ZN
3181,B,CU
3182,A,ZN
3183,A,MN
3184,A,ZN
3185,A,MG
3186,A,MG
3187,B,ZN
3188,A,ZN
3189,B,MG
3190,A,MG
3191,A,ZN
3192,A,ZN
3193,B,ZN
3194,A,ZN
3195,E,MN
3197,B,MG
3198,A,MG
3199,A,ZN
3200,A,MG
3201,A,ZN
3202,A,MN
3203,A,ZN
3204,A,ZN
3205,A,ZN
3209,A,MG
3210,A,MG
3211,A,ZN
3212,D,ZN
3213,D,ZN
3214,D,ZN
3215,D,ZN
3216,A,CU
3217,A,ZN
3218,A,ZN
3219,A,ZN
3220,A,ZN
3221,A,ZN
3222,A,MG
3223,A,ZN
3224,A,MG
3225,A,ZN
3226,C,MN
3227,A,ZN
3228,A,ZN
3229,A,ZN
3230,A,MG
3231,A,ZN
3232,A,ZN
3233,A,MG
3234,A,NI
3235,B,NI
3236,A,ZN
3237,A,ZN
3238,A,ZN
3239,A,MG
3240,A,ZN
3241,A,MG
3242,A,MG
3243,A,ZN
3244,A,MG
3245,A,NI
3246,A,MG
3247,A,ZN
3248,A,ZN
3249,D,MG
3250,B,MN
3251,A,NI
3252,A,NI
3253,A,MG
3254,A,NI
3255,D,ZN
3256,D,ZN
3257,A,MG
3258,B,MG
3259,A,ZN
3260,A,ZN
3261,A,ZN
3262,A,ZN
3263,A,MG
3264,A,CU
3265,A,MG
3266,A,ZN
3267,A,MG
3268,A,ZN
3269,D,MN
3270,L,ZN
3271,A,FE
3272,A,ZN
3273,A,ZN
3274,A,ZN
3275,X,MG
3276,A,ZN
3277,A,ZN
3278,A,MG
3280,B,ZN
3281,A,ZN
3283,A,CU
3284,A,ZN
3285,A,MG
3286,A,MG
3287,A,MG
3288,A,ZN
3289,B,ZN
3290,A,NI
3291,A,MG
3292,A,MG
3293,A,ZN
3294,H,ZN
3295,A,MG
3296,A,FE2
3297,B,ZN
3298,B,ZN
3299,A,NI
3300,A,ZN
3301,X,ZN
3302,A,ZN
3303,A,CU
3304,A,CU
3305,A,ZN
3306,A,ZN
3307,A,ZN
3308,A,ZN
3309,A,ZN
3310,A,ZN
3311,A,ZN
3312,A,MG
3313,A,ZN
3314,A,ZN
3315,A,MG
3316,A,MG
3317,A,NI
3318,A,ZN
3319,F,ZN
3320,F,ZN
3321,A,MG
3322,A,ZN
3323,A,MG
3324,A,MG
3325,A,CU
3326,A,ZN
3327,g,MG
3328,A,ZN
3330,A,ZN
3331,B,ZN
3332,B,ZN
3333,B,ZN
3334,V,CU
3335,A,ZN
3336,B,ZN
3337,A,CO
3338,A,MG
3339,A,ZN
3340,A,ZN
3341,A,ZN
3342,A,ZN
3343,A,ZN
3344,A,ZN
3345,A,ZN
3346,A,ZN
3347,A,ZN
3348,A,ZN
3349,A,ZN
3350,A,ZN
3351,A,ZN
3352,A,ZN
3353,A,ZN
3354,A,ZN
3355,A,ZN
3356,A,ZN
3357,A,ZN
3358,A,CU
3359,A,ZN
3360,A,ZN
3361,A,ZN
3362,A,ZN
3363,A,ZN
3364,A,MG
3365,A,CO
3366,A,MN
3367,B,ZN
3368,A,ZN
3369,A,ZN
3370,A,CO
3371,B,ZN
3372,A,MG
3373,A,MG
3374,C,ZN
3375,C,ZN
3376,A,ZN
3377,A,ZN
3378,A,ZN
3379,A,ZN
3380,A,ZN
3381,A,ZN
3382,A,ZN
3383,A,MG
3384,A,MG
3385,A,ZN
3386,A,ZN
3387,A,ZN
3388,A,ZN
3389,A,ZN
3390,A,MG
3391,A,MG
3392,A,MG
3393,A,MG
3394,A,MG
3395,A,MN
3396,A,MN
3397,A,MG
3398,A,MG
3399,A,ZN
3400,A,MG
3401,B,MG
3402,B,MG
3403,B,MG
3404,A,ZN
3405,A,MG
3406,A,ZN
3407,A,MG
3408,A,ZN
3409,A,ZN
3410,A,ZN
3411,A,ZN
3412,A,MG
3413,A,MG
3414,A,ZN
3415,A,ZN
3416,A,ZN
3417,A,ZN
3418,A,MN
3419,A,MN
3420,A,ZN
3421,A,ZN
3422,A,FE
3423,A,FE
3424,A,MG
3425,A,ZN
3426,A,ZN
3428,A,MG
3429,A,ZN
3430,A,MN
3431,A,MN
3432,A,MN
3433,B,FE
3434,A,ZN
3435,A,ZN
3436,A,ZN
3437,A,NI
3438,A,ZN
3439,A,ZN
3440,A,MG
3441,A,ZN
3442,A,ZN
3443,B,ZN
3444,B,ZN
3445,A,ZN
3446,A,ZN
3447,A,ZN
3448,A,ZN
3449,A,ZN
3450,A,ZN
3451,A,ZN
3452,A,ZN
3453,A,ZN
3454,A,ZN
3455,A,MG
3456,B,ZN
3457,A,ZN
3458,A,NI
3459,B,NI
3460,B,NI
3461,A,ZN
3462,A,ZN
3463,A,CO
3464,C,ZN
3465,A,MG
3466,A,MG
3467,A,NI
3468,A,NI
3469,A,ZN
3470,A,ZN
3471,A,MG
3472,A,ZN
3473,A,ZN
3474,B,ZN
3475,A,ZN
3476,A,NI
3477,A,NI
3478,B,ZN
3479,A,ZN
3480,A,ZN
3481,A,MG
3482,A,FE
3483,A,MG
3485,A,ZN
3486,E,ZN
3487,E,ZN
3488,A,ZN
3489,A,ZN
3490,A,ZN
3491,A,ZN
3492,A,ZN
3493,A,ZN
3494,A,MG
3495,A,MG
3496,A,ZN
3497,A,ZN
3498,A,ZN
3499,A,ZN
3500,A,MN
3501,A,ZN
3502,A,ZN
3503,B,ZN
3504,A,ZN
3505,A,ZN
3506,A,ZN
3507,C,ZN
3508,A,ZN
3509,A,ZN
3510,B,ZN
3511,B,MN
3512,A,MN
3513,L,ZN
3514,A,ZN
3515,A,ZN
3516,A,ZN
3517,B,ZN
3518,A,ZN
3519,A,ZN
3520,A,ZN
3521,A,ZN
3522,A,ZN
3523,B,MN
3524,A,ZN
3525,A,ZN
3526,B,ZN
3527,B,MN
3529,A,ZN
3530,A,ZN
3531,A,ZN
3532,A,ZN
3533,A,ZN
3534,A,ZN
3535,A,ZN
3536,A,ZN
3537,A,ZN
3538,A,ZN
3539,A,ZN
3540,A,ZN
3541,A,ZN
3542,A,ZN
3543,A,ZN
3544,A,ZN
3545,A,ZN
3546,A,ZN
3547,A,ZN
3548,A,ZN
3549,A,ZN
3550,A,ZN
3551,A,ZN
3552,A,ZN
3553,A,ZN
3554,A,ZN
3555,A,ZN
3556,A,ZN
3557,A,ZN
3558,A,ZN
3559,A,ZN
3560,A,ZN
3561,A,ZN
3562,A,ZN
3563,A,ZN
3564,A,ZN
3565,A,ZN
3566,A,ZN
3567,A,MG
3568,A,ZN
3569,A,ZN
3570,A,ZN
3571,A,ZN
3572,A,ZN
3573,A,ZN
3574,A,ZN
3575,A,ZN
3576,A,ZN
3577,A,ZN
3578,A,MG
3579,C,CO
3580,A,ZN
3581,A,NI
3582,A,MN
3583,A,ZN
3584,A,MG
3586,A,ZN
3589,A,ZN
3590,D,MG
3591,A,CU
3592,A,ZN
3593,A,ZN
3594,A,ZN
3596,A,MN
3597,A,CO
3598,A,CO
3599,A,MG
3600,A,MN
3601,B,MG
3602,A,ZN
3603,A,ZN
3604,A,ZN
3605,B,MG
3606,B,MN
3607,B,MN
3608,A,FE
3609,A,ZN
3610,A,ZN
3611,B,ZN
3612,A,MG
3613,A,MG
3615,A,FE
3616,A,CU
3617,A,MG
3618,A,ZN
3619,A,ZN
3620,A,NI
3621,A,FES
3622,A,FES
3623,A,FES
3624,A,NI
3625,A,ZN
3626,A,FE
3627,A,FES
3628,A,ZN
3631,A,ZN
3632,A,MG
3633,A,ZN
3634,A,FEO
3635,A,ZN
3636,B,ZN
3637,A,FE
3638,X,ZN
3639,A,ZN
3640,A,ZN
3641,A,MG
3642,A,ZN
3643,A,CO
3644,A,ZN
3645,A,ZN
3646,A,ZN
3647,A,MN
3649,A,ZN
3650,A,ZN
3651,A,CO
3652,A,NI
3653,A,FE2
3654,A,ZN
3655,A,CU1
3657,A,MG
3658,B,MG
3659,A,CU
3660,A,NI
3661,A,CU
3663,A,NI
3665,A,CU
3666,A,ZN
3667,A,FE
3668,A,ZN
3669,A,MG
3670,A,NI
3671,A,MN
3672,A,MOO
3673,A,ZN
3674,A,FES
3675,A,ZN
3677,A,ZN
3678,A,ZN
3679,A,ZN
3680,A,ZN
3681,A,ZN
3682,A,ZN
3684,A,CU
3685,A,NI
3686,A,ZN
3688,A,CU
3689,A,ZN
3690,A,ZN
3691,A,ZN
3692,A,MN
3693,A,NI
3694,A,FE
3695,A,ZN
3696,A,ZN
3698,A,FE2
3699,C,NI
3700,A,ZN
3701,A,ZN
3702,A,CU1
3703,A,ZN
3704,A,MG
3705,A,NI
3706,A,MG
3710,A,FES
3711,A,FES
3712,A,MG
3713,A,ZN
3714,A,NI
3716,A,ZN
3717,A,MN
3718,A,MG
3719,A,FEO
3722,A,FES
3724,A,MG
3726,A,ZN
3727,A,MN
3728,A,MN
3729,A,MG
3730,A,NI
3731,C,ZN
3732,B,MG
3733,B,MG
3734,A,FES
3735,A,MG
3736,E,ZN
3737,A,FE
3738,A,NI
3739,A,ZN
3740,A,NI
3741,A,ZN
3742,A,ZN
3743,A,MG
3744,A,MG
3745,A,MG
3746,A,ZN
3747,A,ZN
3748,A,ZN
3749,A,ZN
3750,A,ZN
3751,A,MN
3752,A,MOO
3753,A,NI
3754,A,MG
3755,A,MG
3756,A,ZN
3757,A,FES
3759,A,ZN
3760,A,MG
3762,A,MG
3763,A,ZN
3764,A,MG
3765,A,MG
3766,A,ZN
3767,A,MN
3769,A,NI
3770,A,ZN
3771,A,ZN
3772,A,ZN
3774,A,ZN
3775,A,ZN
3776,B,MG
3777,A,ZN
3778,A,ZN
3780,A,ZN
3782,A,FE
3784,A,MG
3786,A,ZN
3789,A,MG
3790,L,ZN
3792,A,MG
3793,A,ZN
3795,A,ZN
3796,A,MG
3797,A,CO
3799,X,ZN
3800,A,CO
3801,A,NI
3802,A,FES
3803,1,MG
3805,A,CO
3806,A,MN
3808,A,FES
3809,A,MG
3810,A,MG
3811,A,ZN
3812,A,ZN
3814,A,ZN
3815,A,ZN
3816,A,NI
3817,A,ZN
3818,A,ZN
3819,B,MG
3820,A,ZN
3821,A,MG
3822,A,ZN
3823,A,ZN
3824,C,MG
3827,A,ZN
3829,A,FE
3830,A,ZN
3831,A,MN
3832,A,ZN
3833,A,MG
3834,B,MG
3836,A,ZN
3837,A,MG
3838,D,MG
3839,A,FE
3840,A,MG
3841,A,MG
3842,A,MG
3843,A,NI
3847,K,MG
3848,A,ZN
3849,A,ZN
3851,C,MG
3852,A,ZN
3853,A,FE
3854,A,ZN
3855,D,FE2
3858,A,ZN
3859,A,ZN
3860,A,FE2
3861,A,MG
3862,A,MN
3863,A,ZN
3864,A,ZN
3865,A,ZN
3866,A,ZN
3867,B,MG
3868,B,MG
3869,A,NI
3870,A,ZN
3871,A,ZN
3872,A,ZN
3873,A,FES
3874,A,ZN
3875,A,ZN
3876,A,ZN
3877,B,MN
3878,A,MG
3879,A,ZN
3880,B,ZN
3882,A,ZN
3883,A,CU
3884,A,CU
3885,B,ZN
3886,A,FE
3887,B,MN
3888,A,CU1
3889,A,MG
3890,A,NI
3892,A,ZN
3893,A,ZN
3895,A,MG
3897,A,MN
3898,A,FE2
3899,A,ZN
3902,A,MG
3903,A,ZN
3904,A,MG
3905,B,ZN
3907,A,FEO
3908,A,ZN
3910,A,FE
3911,A,MG
3912,A,ZN
3913,A,ZN
3914,A,NI
3915,A,ZN
3916,A,FE2
3919,A,NI
3920,A,MN
3921,A,ZN
3922,A,ZN
3923,A,NI
3924,A,ZN
3925,B,ZN
3926,A,MG
3927,A,MG
3928,X,FES
3929,A,ZN
3930,A,ZN
3931,A,ZN
3932,B,ZN
3933,B,CO
3936,A,MN
3937,A,MN
3940,A,ZN
3941,A,MOO
3942,A,NI
3943,A,MG
3945,A,FE
3946,C,ZN
3947,A,MN
3948,A,ZN
3949,B,ZN
3950,A,MN
3951,A,MG
3952,A,ZN
3953,A,ZN
3954,A,ZN
3955,A,MG
3956,A,FE2
3957,A,MG
3958,A,NI
3959,A,ZN
3960,A,FE
3963,A,MN
3965,A,FE
3967,A,ZN
3968,A,NI
3969,X,NI
3970,A,ZN
3971,A,NI
3973,A,MG
3974,A,ZN
3975,A,MG
3976,A,MG
3977,A,MG
3978,A,FE2
3979,A,ZN
3982,B,ZN
3984,A,ZN
3985,A,ZN
3986,E,MG
3989,A,ZN
3990,A,CU
3991,A,MG
3992,A,ZN
3993,A,ZN
3996,A,NI
3997,A,ZN
3998,A,ZN
4000,B,MG
4005,A,FES
4006,A,MG
4007,A,NI
4008,A,NI
4009,A,ZN
4012,A,MG
4013,A,FES
4014,A,FES
4015,A,FES
4016,A,ZN
4017,A,ZN
4018,A,CU
4020,A,ZN
4021,A,MG
4022,A,FES
4026,A,ZN
4028,B,MG
4029,B,NI
4030,B,MG
4031,B,ZN
4032,A,CU
4033,A,MN
4035,C,MN
4037,A,CU
4038,A,ZN
4040,A,NI
4043,A,ZN
4044,A,MN
4045,B,ZN
4046,A,CU
4047,A,MN
4054,A,ZN
4055,A,ZN
4056,A,ZN
4059,B,MG
4063,A,ZN
4064,A,ZN
4065,A,ZN
4066,A,ZN
4069,A,ZN
4070,D,CU
4071,B,MN
4072,C,MN
4073,A,MG
4074,A,MN
4077,A,MN
4081,B,MG
4082,A,NI
4084,B,MG
4085,O,ZN
4086,A,MG
4087,A,ZN
4091,B,MG
4092,A,ZN
4094,G,MN
4098,A,ZN
4099,A,ZN
4100,A,ZN
4101,A,ZN
4102,A,ZN
4103,A,FES
4104,A,ZN
4106,A,ZN
4107,A,ZN
4108,A,CO
4109,A,ZN
4110,A,ZN
4112,A,ZN
4113,A,ZN
4114,A,ZN
4115,A,ZN
4116,A,MN
4118,A,MG
4119,A,ZN
4120,A,ZN
4121,A,ZN
4122,A,MG
4123,A,ZN
4124,A,FE
4126,A,MG
4128,D,MG
4129,A,ZN
4130,A,ZN
4132,A,ZN
4133,B,MG
4134,B,FE
4136,A,MG
4137,A,MG
4138,A,MG
4139,A,MG
4140,A,ZN
4141,A,ZN
4142,A,ZN
4143,A,ZN
4144,A,ZN
4145,A,CO
4146,A,ZN
4147,A,MG
4148,A,NI
4150,A,ZN
4151,A,MG
4152,A,MG
4153,A,ZN
4154,A,CU
4155,A,ZN
4157,A,MG
4158,C,ZN
4159,A,ZN
4161,A,FES
4165,A,MG
4166,A,ZN
4167,A,ZN
4168,B,MG
4170,A,CU1
4172,E,ZN
4173,A,ZN
4174,A,MG
4178,B,MG
4179,A,ZN
4183,A,MG
4185,A,ZN
4186,A,ZN
4187,C,FE
4190,A,MG
4191,A,CU
4192,A,CU
4193,A,ZN
4194,A,ZN
4195,A,CU
4196,A,MN
4197,A,ZN
4199,X,ZN
4201,A,FE
4202,A,MG
4203,A,MG
4204,A,ZN
4205,A,FES
4206,A,ZN
4207,B,ZN
4208,B,ZN
4209,A,MG
4210,A,ZN
4211,A,MG
4212,A,ZN
4213,B,MG
4214,A,NI
4216,A,MG
4217,A,FES
4218,A,MN
4219,A,MG
4220,A,ZN
4221,A,MG
4222,A,FES
4223,A,MG
4224,A,ZN
4225,C,ZN
4226,C,ZN
4228,A,MG
4230,A,FES
4231,B,ZN
4232,B,ZN
4233,A,FES
4234,A,MG
4235,A,NI
4236,A,MG
4237,A,MG
4238,A,MG
4239,A,CO
4241,A,ZN
4242,A,ZN
4243,A,ZN
4244,A,NI
4246,A,ZN
4247,A,ZN
4248,A,FE
4249,B,FE
4250,B,FE
4251,A,ZN
4252,A,ZN
4253,A,ZN
4254,A,ZN
4255,A,ZN
4256,A,ZN
4257,A,ZN
4258,A,ZN
4259,A,ZN
4260,B,ZN
4263,A,ZN
4264,A,ZN
4265,A,CO
4266,A,ZN
4267,A,ZN
4268,A,ZN
4269,A,ZN
4272,A,CU
4273,A,ZN
4274,A,ZN
4275,A,ZN
4276,A,ZN
4277,A,MG
4278,A,ZN
4279,A,ZN
4280,A,FE2
4281,A,ZN
4282,A,ZN
4283,A,ZN
4284,A,ZN
4285,A,ZN
4286,A,ZN
4287,A,ZN
4289,C,ZN
4290,C,ZN
4291,A,ZN
4292,B,NI
4293,A,ZN
4294,A,ZN
4295,A,ZN
4296,A,ZN
4297,A,ZN
4298,A,ZN
4299,A,ZN
4300,A,ZN
4301,A,ZN
4302,A,ZN
4303,A,ZN
4304,A,ZN
4305,A,ZN
4306,A,ZN
4307,A,ZN
4308,A,MG
4309,D,MG
4310,D,MG
4312,A,MG
4313,A,MN
4314,A,MG
4315,A,ZN
4316,A,ZN
4317,A,MG
4318,A,MN
4319,A,ZN
4320,A,ZN
4321,A,ZN
4323,A,MN
4325,A,ZN
4326,B,ZN
4327,A,ZN
4328,A,MN
4329,F,MG
4330,B,MG
4331,X,ZN
4332,A,ZN
4334,A,ZN
